<?xml version="1.0" encoding="utf-8"?>
<merger version="3"><dataSet config="output"><source path="C:\Users\TEMP\.android\build-cache\46481131766a4d733810a4eb5f3cf05189538953\output\assets"/></dataSet><dataSet config="output"><source path="C:\Users\TEMP\.android\build-cache\e66f762fc0ace1b3bf7f10ae27c39ff4eb32eab1\output\assets"/></dataSet><dataSet config="output"><source path="C:\Users\TEMP\.android\build-cache\d4455ace4b06dcf6dc1f2ca20046bff910c9fbd4\output\assets"/></dataSet><dataSet config="output"><source path="C:\Users\TEMP\.android\build-cache\8e608c8ae6dec8b09801682d87dd0c116d6332b3\output\assets"/></dataSet><dataSet config="output"><source path="C:\Users\TEMP\.android\build-cache\8509e944d37239012d8793c154c4ee31b3d685db\output\assets"/></dataSet><dataSet config="output"><source path="C:\Users\TEMP\.android\build-cache\97a1dbed873687b1a31267cae6e75891d965a104\output\assets"/></dataSet><dataSet config="output"><source path="C:\Users\TEMP\.android\build-cache\cf04cf794f1506127fdbb5c92acddae5b43b1838\output\assets"/></dataSet><dataSet config="output"><source path="C:\Users\TEMP\.android\build-cache\c410245b3f528d3f955f36f95d02725dbfbe10dc\output\assets"/></dataSet><dataSet config="output"><source path="C:\Users\TEMP\.android\build-cache\8e19e03af0ad16233ae842e268eaea0619aa50f7\output\assets"/></dataSet><dataSet config="output"><source path="C:\Users\TEMP\.android\build-cache\67d487c257332b58d993e4013577cf875c6227c9\output\assets"/></dataSet><dataSet config="main"><source path="C:\Users\TEMP\AndroidStudioProjects\Lab1\app\src\main\assets"/><source path="C:\Users\TEMP\AndroidStudioProjects\Lab1\app\build\generated\assets\shaders\debug"/></dataSet><dataSet config="debug"><source path="C:\Users\TEMP\AndroidStudioProjects\Lab1\app\src\debug\assets"/></dataSet></merger>