<?xml version="1.0" encoding="utf-8"?>
<merger version="3"><dataSet config="output$Generated" generated="true"><source path="C:\Users\TEMP\.android\build-cache\3e7d9f433c38770ff9f46d1ab8dd09033d29a216\output\res"/></dataSet><dataSet config="output$Generated" generated="true"><source path="C:\Users\TEMP\.android\build-cache\860ef0ad0900381abac77f2f469e74ea41d68ed3\output\res"/></dataSet><dataSet config="output$Generated" generated="true"><source path="C:\Users\TEMP\.android\build-cache\a258705e138a456f8c303ef434606912854e432a\output\res"/></dataSet><dataSet config="output$Generated" generated="true"><source path="C:\Users\TEMP\.android\build-cache\13b0a580a981c87002ee415a1baf37d65f9debd6\output\res"/></dataSet><dataSet config="output$Generated" generated="true"><source path="C:\Users\TEMP\.android\build-cache\7f1cf57afd23a577420de356ef687e085fbeb2c5\output\res"/></dataSet><dataSet config="main$Generated" generated="true"><source path="C:\Users\TEMP\AndroidStudioProjects\Lab1\app\src\androidTest\res"/><source path="C:\Users\TEMP\AndroidStudioProjects\Lab1\app\build\generated\res\rs\androidTest\debug"/><source path="C:\Users\TEMP\AndroidStudioProjects\Lab1\app\build\generated\res\resValues\androidTest\debug"/></dataSet><dataSet config="output" from-dependency="true" generated-set="output$Generated"><source path="C:\Users\TEMP\.android\build-cache\3e7d9f433c38770ff9f46d1ab8dd09033d29a216\output\res"/></dataSet><dataSet config="output" from-dependency="true" generated-set="output$Generated"><source path="C:\Users\TEMP\.android\build-cache\860ef0ad0900381abac77f2f469e74ea41d68ed3\output\res"/></dataSet><dataSet config="output" from-dependency="true" generated-set="output$Generated"><source path="C:\Users\TEMP\.android\build-cache\a258705e138a456f8c303ef434606912854e432a\output\res"/></dataSet><dataSet config="output" from-dependency="true" generated-set="output$Generated"><source path="C:\Users\TEMP\.android\build-cache\13b0a580a981c87002ee415a1baf37d65f9debd6\output\res"><file path="C:\Users\TEMP\.android\build-cache\13b0a580a981c87002ee415a1baf37d65f9debd6\output\res\values\values.xml" qualifiers=""><string name="app_name">Test-api</string></file></source></dataSet><dataSet config="output" from-dependency="true" generated-set="output$Generated"><source path="C:\Users\TEMP\.android\build-cache\7f1cf57afd23a577420de356ef687e085fbeb2c5\output\res"/></dataSet><dataSet config="main" generated-set="main$Generated"><source path="C:\Users\TEMP\AndroidStudioProjects\Lab1\app\src\androidTest\res"/><source path="C:\Users\TEMP\AndroidStudioProjects\Lab1\app\build\generated\res\rs\androidTest\debug"/><source path="C:\Users\TEMP\AndroidStudioProjects\Lab1\app\build\generated\res\resValues\androidTest\debug"/></dataSet><mergedItems/></merger>