[
    {
        "outputFile": "C:\\Users\\TEMP\\AndroidStudioProjects\\Lab1\\app\\build\\intermediates\\incremental\\mergeDebugResources\\merged.dir\\values-v24\\values-v24.xml",
        "map": [
            {
                "to": {
                    "startLine": 2,
                    "startColumn": 4,
                    "startOffset": 55,
                    "endColumn": 156,
                    "endOffset": 207
                },
                "from": {
                    "file": "C:\\Users\\TEMP\\.android\\build-cache\\67d487c257332b58d993e4013577cf875c6227c9\\output\\res\\values-v24\\values-v24.xml",
                    "position": {
                        "startLine": 2,
                        "startColumn": 4,
                        "startOffset": 55,
                        "endColumn": 156,
                        "endOffset": 207
                    }
                }
            },
            {
                "to": {
                    "startLine": 3,
                    "startColumn": 4,
                    "startOffset": 212,
                    "endColumn": 134,
                    "endOffset": 342
                },
                "from": {
                    "file": "C:\\Users\\TEMP\\.android\\build-cache\\67d487c257332b58d993e4013577cf875c6227c9\\output\\res\\values-v24\\values-v24.xml",
                    "position": {
                        "startLine": 3,
                        "startColumn": 4,
                        "startOffset": 212,
                        "endColumn": 134,
                        "endOffset": 342
                    }
                }
            },
            {
                "to": {
                    "startLine": 4,
                    "startColumn": 4,
                    "startOffset": 347,
                    "endColumn": 68,
                    "endOffset": 411
                },
                "from": {
                    "file": "C:\\Users\\TEMP\\.android\\build-cache\\67d487c257332b58d993e4013577cf875c6227c9\\output\\res\\values-v24\\values-v24.xml",
                    "position": {
                        "startLine": 4,
                        "startColumn": 4,
                        "startOffset": 347,
                        "endColumn": 68,
                        "endOffset": 411
                    }
                }
            },
            {
                "to": {
                    "startLine": 5,
                    "startColumn": 4,
                    "startOffset": 416,
                    "endColumn": 63,
                    "endOffset": 475
                },
                "from": {
                    "file": "C:\\Users\\TEMP\\.android\\build-cache\\67d487c257332b58d993e4013577cf875c6227c9\\output\\res\\values-v24\\values-v24.xml",
                    "position": {
                        "startLine": 5,
                        "startColumn": 4,
                        "startOffset": 416,
                        "endColumn": 63,
                        "endOffset": 475
                    }
                }
            },
            {
                "to": {
                    "startLine": 6,
                    "startColumn": 4,
                    "startOffset": 480,
                    "endColumn": 68,
                    "endOffset": 544
                },
                "from": {
                    "file": "C:\\Users\\TEMP\\.android\\build-cache\\67d487c257332b58d993e4013577cf875c6227c9\\output\\res\\values-v24\\values-v24.xml",
                    "position": {
                        "startLine": 6,
                        "startColumn": 4,
                        "startOffset": 480,
                        "endColumn": 68,
                        "endOffset": 544
                    }
                }
            },
            {
                "to": {
                    "startLine": 7,
                    "startColumn": 4,
                    "startOffset": 549,
                    "endColumn": 69,
                    "endOffset": 614
                },
                "from": {
                    "file": "C:\\Users\\TEMP\\.android\\build-cache\\67d487c257332b58d993e4013577cf875c6227c9\\output\\res\\values-v24\\values-v24.xml",
                    "position": {
                        "startLine": 7,
                        "startColumn": 4,
                        "startOffset": 549,
                        "endColumn": 69,
                        "endOffset": 614
                    }
                }
            }
        ]
    }
]