[
    {
        "outputFile": "C:\\Users\\TEMP\\AndroidStudioProjects\\Lab1\\app\\build\\intermediates\\incremental\\mergeDebugResources\\merged.dir\\values-v25\\values-v25.xml",
        "map": [
            {
                "to": {
                    "startLine": 2,
                    "startColumn": 4,
                    "startOffset": 55,
                    "endColumn": 70,
                    "endOffset": 121
                },
                "from": {
                    "file": "C:\\Users\\TEMP\\.android\\build-cache\\67d487c257332b58d993e4013577cf875c6227c9\\output\\res\\values-v25\\values-v25.xml",
                    "position": {
                        "startLine": 2,
                        "startColumn": 4,
                        "startOffset": 55,
                        "endColumn": 70,
                        "endOffset": 121
                    }
                }
            },
            {
                "to": {
                    "startLine": 3,
                    "startColumn": 4,
                    "startOffset": 126,
                    "endColumn": 82,
                    "endOffset": 204
                },
                "from": {
                    "file": "C:\\Users\\TEMP\\.android\\build-cache\\67d487c257332b58d993e4013577cf875c6227c9\\output\\res\\values-v25\\values-v25.xml",
                    "position": {
                        "startLine": 3,
                        "startColumn": 4,
                        "startOffset": 126,
                        "endColumn": 82,
                        "endOffset": 204
                    }
                }
            },
            {
                "to": {
                    "startLine": 4,
                    "startColumn": 4,
                    "startOffset": 209,
                    "endLine": 5,
                    "endColumn": 12,
                    "endOffset": 303
                },
                "from": {
                    "file": "C:\\Users\\TEMP\\.android\\build-cache\\67d487c257332b58d993e4013577cf875c6227c9\\output\\res\\values-v25\\values-v25.xml",
                    "position": {
                        "startLine": 4,
                        "startColumn": 4,
                        "startOffset": 209,
                        "endLine": 5,
                        "endColumn": 12,
                        "endOffset": 303
                    }
                }
            },
            {
                "to": {
                    "startLine": 6,
                    "startColumn": 4,
                    "startOffset": 308,
                    "endLine": 7,
                    "endColumn": 12,
                    "endOffset": 414
                },
                "from": {
                    "file": "C:\\Users\\TEMP\\.android\\build-cache\\67d487c257332b58d993e4013577cf875c6227c9\\output\\res\\values-v25\\values-v25.xml",
                    "position": {
                        "startLine": 6,
                        "startColumn": 4,
                        "startOffset": 308,
                        "endLine": 7,
                        "endColumn": 12,
                        "endOffset": 414
                    }
                }
            }
        ]
    }
]