[
    {
        "outputFile": "C:\\Users\\TEMP\\AndroidStudioProjects\\Lab1\\app\\build\\intermediates\\incremental\\mergeDebugResources\\merged.dir\\values-land\\values-land.xml",
        "map": [
            {
                "to": {
                    "startLine": 2,
                    "startColumn": 4,
                    "startOffset": 55,
                    "endColumn": 69,
                    "endOffset": 120
                },
                "from": {
                    "file": "C:\\Users\\TEMP\\.android\\build-cache\\67d487c257332b58d993e4013577cf875c6227c9\\output\\res\\values-land\\values-land.xml",
                    "position": {
                        "startLine": 2,
                        "startColumn": 4,
                        "startOffset": 55,
                        "endColumn": 69,
                        "endOffset": 120
                    }
                }
            },
            {
                "to": {
                    "startLine": 3,
                    "startColumn": 4,
                    "startOffset": 125,
                    "endColumn": 63,
                    "endOffset": 184
                },
                "from": {
                    "file": "C:\\Users\\TEMP\\.android\\build-cache\\67d487c257332b58d993e4013577cf875c6227c9\\output\\res\\values-land\\values-land.xml",
                    "position": {
                        "startLine": 3,
                        "startColumn": 4,
                        "startOffset": 125,
                        "endColumn": 63,
                        "endOffset": 184
                    }
                }
            },
            {
                "to": {
                    "startLine": 4,
                    "startColumn": 4,
                    "startOffset": 189,
                    "endColumn": 70,
                    "endOffset": 255
                },
                "from": {
                    "file": "C:\\Users\\TEMP\\.android\\build-cache\\67d487c257332b58d993e4013577cf875c6227c9\\output\\res\\values-land\\values-land.xml",
                    "position": {
                        "startLine": 4,
                        "startColumn": 4,
                        "startOffset": 189,
                        "endColumn": 70,
                        "endOffset": 255
                    }
                }
            },
            {
                "to": {
                    "startLine": 5,
                    "startColumn": 4,
                    "startOffset": 260,
                    "endColumn": 67,
                    "endOffset": 323
                },
                "from": {
                    "file": "C:\\Users\\TEMP\\.android\\build-cache\\67d487c257332b58d993e4013577cf875c6227c9\\output\\res\\values-land\\values-land.xml",
                    "position": {
                        "startLine": 5,
                        "startColumn": 4,
                        "startOffset": 260,
                        "endColumn": 67,
                        "endOffset": 323
                    }
                }
            }
        ]
    }
]