[
    {
        "outputFile": "C:\\Users\\TEMP\\AndroidStudioProjects\\Lab1\\app\\build\\intermediates\\incremental\\mergeDebugResources\\merged.dir\\values-hu\\values-hu.xml",
        "map": [
            {
                "to": {
                    "startLine": 2,
                    "startColumn": 4,
                    "startOffset": 55,
                    "endColumn": 107,
                    "endOffset": 158
                },
                "from": {
                    "file": "C:\\Users\\TEMP\\.android\\build-cache\\67d487c257332b58d993e4013577cf875c6227c9\\output\\res\\values-hu\\values-hu.xml",
                    "position": {
                        "startLine": 2,
                        "startColumn": 4,
                        "startOffset": 55,
                        "endColumn": 107,
                        "endOffset": 158
                    }
                }
            },
            {
                "to": {
                    "startLine": 3,
                    "startColumn": 4,
                    "startOffset": 163,
                    "endColumn": 107,
                    "endOffset": 266
                },
                "from": {
                    "file": "C:\\Users\\TEMP\\.android\\build-cache\\67d487c257332b58d993e4013577cf875c6227c9\\output\\res\\values-hu\\values-hu.xml",
                    "position": {
                        "startLine": 3,
                        "startColumn": 4,
                        "startOffset": 163,
                        "endColumn": 107,
                        "endOffset": 266
                    }
                }
            },
            {
                "to": {
                    "startLine": 4,
                    "startColumn": 4,
                    "startOffset": 271,
                    "endColumn": 122,
                    "endOffset": 389
                },
                "from": {
                    "file": "C:\\Users\\TEMP\\.android\\build-cache\\67d487c257332b58d993e4013577cf875c6227c9\\output\\res\\values-hu\\values-hu.xml",
                    "position": {
                        "startLine": 4,
                        "startColumn": 4,
                        "startOffset": 271,
                        "endColumn": 122,
                        "endOffset": 389
                    }
                }
            },
            {
                "to": {
                    "startLine": 5,
                    "startColumn": 4,
                    "startOffset": 394,
                    "endColumn": 104,
                    "endOffset": 494
                },
                "from": {
                    "file": "C:\\Users\\TEMP\\.android\\build-cache\\67d487c257332b58d993e4013577cf875c6227c9\\output\\res\\values-hu\\values-hu.xml",
                    "position": {
                        "startLine": 5,
                        "startColumn": 4,
                        "startOffset": 394,
                        "endColumn": 104,
                        "endOffset": 494
                    }
                }
            },
            {
                "to": {
                    "startLine": 6,
                    "startColumn": 4,
                    "startOffset": 499,
                    "endColumn": 114,
                    "endOffset": 609
                },
                "from": {
                    "file": "C:\\Users\\TEMP\\.android\\build-cache\\67d487c257332b58d993e4013577cf875c6227c9\\output\\res\\values-hu\\values-hu.xml",
                    "position": {
                        "startLine": 6,
                        "startColumn": 4,
                        "startOffset": 499,
                        "endColumn": 114,
                        "endOffset": 609
                    }
                }
            },
            {
                "to": {
                    "startLine": 7,
                    "startColumn": 4,
                    "startOffset": 614,
                    "endColumn": 83,
                    "endOffset": 693
                },
                "from": {
                    "file": "C:\\Users\\TEMP\\.android\\build-cache\\67d487c257332b58d993e4013577cf875c6227c9\\output\\res\\values-hu\\values-hu.xml",
                    "position": {
                        "startLine": 7,
                        "startColumn": 4,
                        "startOffset": 614,
                        "endColumn": 83,
                        "endOffset": 693
                    }
                }
            },
            {
                "to": {
                    "startLine": 8,
                    "startColumn": 4,
                    "startOffset": 698,
                    "endColumn": 111,
                    "endOffset": 805
                },
                "from": {
                    "file": "C:\\Users\\TEMP\\.android\\build-cache\\67d487c257332b58d993e4013577cf875c6227c9\\output\\res\\values-hu\\values-hu.xml",
                    "position": {
                        "startLine": 8,
                        "startColumn": 4,
                        "startOffset": 698,
                        "endColumn": 111,
                        "endOffset": 805
                    }
                }
            },
            {
                "to": {
                    "startLine": 9,
                    "startColumn": 4,
                    "startOffset": 810,
                    "endColumn": 129,
                    "endOffset": 935
                },
                "from": {
                    "file": "C:\\Users\\TEMP\\.android\\build-cache\\67d487c257332b58d993e4013577cf875c6227c9\\output\\res\\values-hu\\values-hu.xml",
                    "position": {
                        "startLine": 9,
                        "startColumn": 4,
                        "startOffset": 810,
                        "endColumn": 129,
                        "endOffset": 935
                    }
                }
            },
            {
                "to": {
                    "startLine": 10,
                    "startColumn": 4,
                    "startOffset": 940,
                    "endColumn": 75,
                    "endOffset": 1011
                },
                "from": {
                    "file": "C:\\Users\\TEMP\\.android\\build-cache\\67d487c257332b58d993e4013577cf875c6227c9\\output\\res\\values-hu\\values-hu.xml",
                    "position": {
                        "startLine": 10,
                        "startColumn": 4,
                        "startOffset": 940,
                        "endColumn": 75,
                        "endOffset": 1011
                    }
                }
            },
            {
                "to": {
                    "startLine": 11,
                    "startColumn": 4,
                    "startOffset": 1016,
                    "endColumn": 75,
                    "endOffset": 1087
                },
                "from": {
                    "file": "C:\\Users\\TEMP\\.android\\build-cache\\67d487c257332b58d993e4013577cf875c6227c9\\output\\res\\values-hu\\values-hu.xml",
                    "position": {
                        "startLine": 11,
                        "startColumn": 4,
                        "startOffset": 1016,
                        "endColumn": 75,
                        "endOffset": 1087
                    }
                }
            },
            {
                "to": {
                    "startLine": 12,
                    "startColumn": 4,
                    "startOffset": 1092,
                    "endColumn": 82,
                    "endOffset": 1170
                },
                "from": {
                    "file": "C:\\Users\\TEMP\\.android\\build-cache\\67d487c257332b58d993e4013577cf875c6227c9\\output\\res\\values-hu\\values-hu.xml",
                    "position": {
                        "startLine": 12,
                        "startColumn": 4,
                        "startOffset": 1092,
                        "endColumn": 82,
                        "endOffset": 1170
                    }
                }
            },
            {
                "to": {
                    "startLine": 13,
                    "startColumn": 4,
                    "startOffset": 1175,
                    "endColumn": 109,
                    "endOffset": 1280
                },
                "from": {
                    "file": "C:\\Users\\TEMP\\.android\\build-cache\\67d487c257332b58d993e4013577cf875c6227c9\\output\\res\\values-hu\\values-hu.xml",
                    "position": {
                        "startLine": 13,
                        "startColumn": 4,
                        "startOffset": 1175,
                        "endColumn": 109,
                        "endOffset": 1280
                    }
                }
            },
            {
                "to": {
                    "startLine": 14,
                    "startColumn": 4,
                    "startOffset": 1285,
                    "endColumn": 110,
                    "endOffset": 1391
                },
                "from": {
                    "file": "C:\\Users\\TEMP\\.android\\build-cache\\67d487c257332b58d993e4013577cf875c6227c9\\output\\res\\values-hu\\values-hu.xml",
                    "position": {
                        "startLine": 14,
                        "startColumn": 4,
                        "startOffset": 1285,
                        "endColumn": 110,
                        "endOffset": 1391
                    }
                }
            },
            {
                "to": {
                    "startLine": 15,
                    "startColumn": 4,
                    "startOffset": 1396,
                    "endColumn": 99,
                    "endOffset": 1491
                },
                "from": {
                    "file": "C:\\Users\\TEMP\\.android\\build-cache\\67d487c257332b58d993e4013577cf875c6227c9\\output\\res\\values-hu\\values-hu.xml",
                    "position": {
                        "startLine": 15,
                        "startColumn": 4,
                        "startOffset": 1396,
                        "endColumn": 99,
                        "endOffset": 1491
                    }
                }
            },
            {
                "to": {
                    "startLine": 16,
                    "startColumn": 4,
                    "startOffset": 1496,
                    "endColumn": 110,
                    "endOffset": 1602
                },
                "from": {
                    "file": "C:\\Users\\TEMP\\.android\\build-cache\\67d487c257332b58d993e4013577cf875c6227c9\\output\\res\\values-hu\\values-hu.xml",
                    "position": {
                        "startLine": 16,
                        "startColumn": 4,
                        "startOffset": 1496,
                        "endColumn": 110,
                        "endOffset": 1602
                    }
                }
            },
            {
                "to": {
                    "startLine": 17,
                    "startColumn": 4,
                    "startOffset": 1607,
                    "endColumn": 107,
                    "endOffset": 1710
                },
                "from": {
                    "file": "C:\\Users\\TEMP\\.android\\build-cache\\67d487c257332b58d993e4013577cf875c6227c9\\output\\res\\values-hu\\values-hu.xml",
                    "position": {
                        "startLine": 17,
                        "startColumn": 4,
                        "startOffset": 1607,
                        "endColumn": 107,
                        "endOffset": 1710
                    }
                }
            },
            {
                "to": {
                    "startLine": 18,
                    "startColumn": 4,
                    "startOffset": 1715,
                    "endColumn": 118,
                    "endOffset": 1829
                },
                "from": {
                    "file": "C:\\Users\\TEMP\\.android\\build-cache\\67d487c257332b58d993e4013577cf875c6227c9\\output\\res\\values-hu\\values-hu.xml",
                    "position": {
                        "startLine": 18,
                        "startColumn": 4,
                        "startOffset": 1715,
                        "endColumn": 118,
                        "endOffset": 1829
                    }
                }
            },
            {
                "to": {
                    "startLine": 19,
                    "startColumn": 4,
                    "startOffset": 1834,
                    "endColumn": 133,
                    "endOffset": 1963
                },
                "from": {
                    "file": "C:\\Users\\TEMP\\.android\\build-cache\\67d487c257332b58d993e4013577cf875c6227c9\\output\\res\\values-hu\\values-hu.xml",
                    "position": {
                        "startLine": 19,
                        "startColumn": 4,
                        "startOffset": 1834,
                        "endColumn": 133,
                        "endOffset": 1963
                    }
                }
            },
            {
                "to": {
                    "startLine": 20,
                    "startColumn": 4,
                    "startOffset": 1968,
                    "endColumn": 102,
                    "endOffset": 2066
                },
                "from": {
                    "file": "C:\\Users\\TEMP\\.android\\build-cache\\67d487c257332b58d993e4013577cf875c6227c9\\output\\res\\values-hu\\values-hu.xml",
                    "position": {
                        "startLine": 20,
                        "startColumn": 4,
                        "startOffset": 1968,
                        "endColumn": 102,
                        "endOffset": 2066
                    }
                }
            },
            {
                "to": {
                    "startLine": 21,
                    "startColumn": 4,
                    "startOffset": 2071,
                    "endColumn": 82,
                    "endOffset": 2149
                },
                "from": {
                    "file": "C:\\Users\\TEMP\\.android\\build-cache\\67d487c257332b58d993e4013577cf875c6227c9\\output\\res\\values-hu\\values-hu.xml",
                    "position": {
                        "startLine": 21,
                        "startColumn": 4,
                        "startOffset": 2071,
                        "endColumn": 82,
                        "endOffset": 2149
                    }
                }
            },
            {
                "to": {
                    "startLine": 22,
                    "startColumn": 4,
                    "startOffset": 2154,
                    "endColumn": 100,
                    "endOffset": 2250
                },
                "from": {
                    "file": "C:\\Users\\TEMP\\.android\\build-cache\\67d487c257332b58d993e4013577cf875c6227c9\\output\\res\\values-hu\\values-hu.xml",
                    "position": {
                        "startLine": 22,
                        "startColumn": 4,
                        "startOffset": 2154,
                        "endColumn": 100,
                        "endOffset": 2250
                    }
                }
            }
        ]
    }
]