[
    {
        "outputFile": "C:\\Users\\TEMP\\AndroidStudioProjects\\Lab1\\app\\build\\intermediates\\incremental\\mergeDebugResources\\merged.dir\\values-da\\values-da.xml",
        "map": [
            {
                "to": {
                    "startLine": 2,
                    "startColumn": 4,
                    "startOffset": 55,
                    "endColumn": 102,
                    "endOffset": 153
                },
                "from": {
                    "file": "C:\\Users\\TEMP\\.android\\build-cache\\67d487c257332b58d993e4013577cf875c6227c9\\output\\res\\values-da\\values-da.xml",
                    "position": {
                        "startLine": 2,
                        "startColumn": 4,
                        "startOffset": 55,
                        "endColumn": 102,
                        "endOffset": 153
                    }
                }
            },
            {
                "to": {
                    "startLine": 3,
                    "startColumn": 4,
                    "startOffset": 158,
                    "endColumn": 107,
                    "endOffset": 261
                },
                "from": {
                    "file": "C:\\Users\\TEMP\\.android\\build-cache\\67d487c257332b58d993e4013577cf875c6227c9\\output\\res\\values-da\\values-da.xml",
                    "position": {
                        "startLine": 3,
                        "startColumn": 4,
                        "startOffset": 158,
                        "endColumn": 107,
                        "endOffset": 261
                    }
                }
            },
            {
                "to": {
                    "startLine": 4,
                    "startColumn": 4,
                    "startOffset": 266,
                    "endColumn": 122,
                    "endOffset": 384
                },
                "from": {
                    "file": "C:\\Users\\TEMP\\.android\\build-cache\\67d487c257332b58d993e4013577cf875c6227c9\\output\\res\\values-da\\values-da.xml",
                    "position": {
                        "startLine": 4,
                        "startColumn": 4,
                        "startOffset": 266,
                        "endColumn": 122,
                        "endOffset": 384
                    }
                }
            },
            {
                "to": {
                    "startLine": 5,
                    "startColumn": 4,
                    "startOffset": 389,
                    "endColumn": 98,
                    "endOffset": 483
                },
                "from": {
                    "file": "C:\\Users\\TEMP\\.android\\build-cache\\67d487c257332b58d993e4013577cf875c6227c9\\output\\res\\values-da\\values-da.xml",
                    "position": {
                        "startLine": 5,
                        "startColumn": 4,
                        "startOffset": 389,
                        "endColumn": 98,
                        "endOffset": 483
                    }
                }
            },
            {
                "to": {
                    "startLine": 6,
                    "startColumn": 4,
                    "startOffset": 488,
                    "endColumn": 111,
                    "endOffset": 595
                },
                "from": {
                    "file": "C:\\Users\\TEMP\\.android\\build-cache\\67d487c257332b58d993e4013577cf875c6227c9\\output\\res\\values-da\\values-da.xml",
                    "position": {
                        "startLine": 6,
                        "startColumn": 4,
                        "startOffset": 488,
                        "endColumn": 111,
                        "endOffset": 595
                    }
                }
            },
            {
                "to": {
                    "startLine": 7,
                    "startColumn": 4,
                    "startOffset": 600,
                    "endColumn": 82,
                    "endOffset": 678
                },
                "from": {
                    "file": "C:\\Users\\TEMP\\.android\\build-cache\\67d487c257332b58d993e4013577cf875c6227c9\\output\\res\\values-da\\values-da.xml",
                    "position": {
                        "startLine": 7,
                        "startColumn": 4,
                        "startOffset": 600,
                        "endColumn": 82,
                        "endOffset": 678
                    }
                }
            },
            {
                "to": {
                    "startLine": 8,
                    "startColumn": 4,
                    "startOffset": 683,
                    "endColumn": 99,
                    "endOffset": 778
                },
                "from": {
                    "file": "C:\\Users\\TEMP\\.android\\build-cache\\67d487c257332b58d993e4013577cf875c6227c9\\output\\res\\values-da\\values-da.xml",
                    "position": {
                        "startLine": 8,
                        "startColumn": 4,
                        "startOffset": 683,
                        "endColumn": 99,
                        "endOffset": 778
                    }
                }
            },
            {
                "to": {
                    "startLine": 9,
                    "startColumn": 4,
                    "startOffset": 783,
                    "endColumn": 112,
                    "endOffset": 891
                },
                "from": {
                    "file": "C:\\Users\\TEMP\\.android\\build-cache\\67d487c257332b58d993e4013577cf875c6227c9\\output\\res\\values-da\\values-da.xml",
                    "position": {
                        "startLine": 9,
                        "startColumn": 4,
                        "startOffset": 783,
                        "endColumn": 112,
                        "endOffset": 891
                    }
                }
            },
            {
                "to": {
                    "startLine": 10,
                    "startColumn": 4,
                    "startOffset": 896,
                    "endColumn": 76,
                    "endOffset": 968
                },
                "from": {
                    "file": "C:\\Users\\TEMP\\.android\\build-cache\\67d487c257332b58d993e4013577cf875c6227c9\\output\\res\\values-da\\values-da.xml",
                    "position": {
                        "startLine": 10,
                        "startColumn": 4,
                        "startOffset": 896,
                        "endColumn": 76,
                        "endOffset": 968
                    }
                }
            },
            {
                "to": {
                    "startLine": 11,
                    "startColumn": 4,
                    "startOffset": 973,
                    "endColumn": 76,
                    "endOffset": 1045
                },
                "from": {
                    "file": "C:\\Users\\TEMP\\.android\\build-cache\\67d487c257332b58d993e4013577cf875c6227c9\\output\\res\\values-da\\values-da.xml",
                    "position": {
                        "startLine": 11,
                        "startColumn": 4,
                        "startOffset": 973,
                        "endColumn": 76,
                        "endOffset": 1045
                    }
                }
            },
            {
                "to": {
                    "startLine": 12,
                    "startColumn": 4,
                    "startOffset": 1050,
                    "endColumn": 78,
                    "endOffset": 1124
                },
                "from": {
                    "file": "C:\\Users\\TEMP\\.android\\build-cache\\67d487c257332b58d993e4013577cf875c6227c9\\output\\res\\values-da\\values-da.xml",
                    "position": {
                        "startLine": 12,
                        "startColumn": 4,
                        "startOffset": 1050,
                        "endColumn": 78,
                        "endOffset": 1124
                    }
                }
            },
            {
                "to": {
                    "startLine": 13,
                    "startColumn": 4,
                    "startOffset": 1129,
                    "endColumn": 108,
                    "endOffset": 1233
                },
                "from": {
                    "file": "C:\\Users\\TEMP\\.android\\build-cache\\67d487c257332b58d993e4013577cf875c6227c9\\output\\res\\values-da\\values-da.xml",
                    "position": {
                        "startLine": 13,
                        "startColumn": 4,
                        "startOffset": 1129,
                        "endColumn": 108,
                        "endOffset": 1233
                    }
                }
            },
            {
                "to": {
                    "startLine": 14,
                    "startColumn": 4,
                    "startOffset": 1238,
                    "endColumn": 107,
                    "endOffset": 1341
                },
                "from": {
                    "file": "C:\\Users\\TEMP\\.android\\build-cache\\67d487c257332b58d993e4013577cf875c6227c9\\output\\res\\values-da\\values-da.xml",
                    "position": {
                        "startLine": 14,
                        "startColumn": 4,
                        "startOffset": 1238,
                        "endColumn": 107,
                        "endOffset": 1341
                    }
                }
            },
            {
                "to": {
                    "startLine": 15,
                    "startColumn": 4,
                    "startOffset": 1346,
                    "endColumn": 95,
                    "endOffset": 1437
                },
                "from": {
                    "file": "C:\\Users\\TEMP\\.android\\build-cache\\67d487c257332b58d993e4013577cf875c6227c9\\output\\res\\values-da\\values-da.xml",
                    "position": {
                        "startLine": 15,
                        "startColumn": 4,
                        "startOffset": 1346,
                        "endColumn": 95,
                        "endOffset": 1437
                    }
                }
            },
            {
                "to": {
                    "startLine": 16,
                    "startColumn": 4,
                    "startOffset": 1442,
                    "endColumn": 113,
                    "endOffset": 1551
                },
                "from": {
                    "file": "C:\\Users\\TEMP\\.android\\build-cache\\67d487c257332b58d993e4013577cf875c6227c9\\output\\res\\values-da\\values-da.xml",
                    "position": {
                        "startLine": 16,
                        "startColumn": 4,
                        "startOffset": 1442,
                        "endColumn": 113,
                        "endOffset": 1551
                    }
                }
            },
            {
                "to": {
                    "startLine": 17,
                    "startColumn": 4,
                    "startOffset": 1556,
                    "endColumn": 101,
                    "endOffset": 1653
                },
                "from": {
                    "file": "C:\\Users\\TEMP\\.android\\build-cache\\67d487c257332b58d993e4013577cf875c6227c9\\output\\res\\values-da\\values-da.xml",
                    "position": {
                        "startLine": 17,
                        "startColumn": 4,
                        "startOffset": 1556,
                        "endColumn": 101,
                        "endOffset": 1653
                    }
                }
            },
            {
                "to": {
                    "startLine": 18,
                    "startColumn": 4,
                    "startOffset": 1658,
                    "endColumn": 100,
                    "endOffset": 1754
                },
                "from": {
                    "file": "C:\\Users\\TEMP\\.android\\build-cache\\67d487c257332b58d993e4013577cf875c6227c9\\output\\res\\values-da\\values-da.xml",
                    "position": {
                        "startLine": 18,
                        "startColumn": 4,
                        "startOffset": 1658,
                        "endColumn": 100,
                        "endOffset": 1754
                    }
                }
            },
            {
                "to": {
                    "startLine": 19,
                    "startColumn": 4,
                    "startOffset": 1759,
                    "endColumn": 115,
                    "endOffset": 1870
                },
                "from": {
                    "file": "C:\\Users\\TEMP\\.android\\build-cache\\67d487c257332b58d993e4013577cf875c6227c9\\output\\res\\values-da\\values-da.xml",
                    "position": {
                        "startLine": 19,
                        "startColumn": 4,
                        "startOffset": 1759,
                        "endColumn": 115,
                        "endOffset": 1870
                    }
                }
            },
            {
                "to": {
                    "startLine": 20,
                    "startColumn": 4,
                    "startOffset": 1875,
                    "endColumn": 96,
                    "endOffset": 1967
                },
                "from": {
                    "file": "C:\\Users\\TEMP\\.android\\build-cache\\67d487c257332b58d993e4013577cf875c6227c9\\output\\res\\values-da\\values-da.xml",
                    "position": {
                        "startLine": 20,
                        "startColumn": 4,
                        "startOffset": 1875,
                        "endColumn": 96,
                        "endOffset": 1967
                    }
                }
            },
            {
                "to": {
                    "startLine": 21,
                    "startColumn": 4,
                    "startOffset": 1972,
                    "endColumn": 78,
                    "endOffset": 2046
                },
                "from": {
                    "file": "C:\\Users\\TEMP\\.android\\build-cache\\67d487c257332b58d993e4013577cf875c6227c9\\output\\res\\values-da\\values-da.xml",
                    "position": {
                        "startLine": 21,
                        "startColumn": 4,
                        "startOffset": 1972,
                        "endColumn": 78,
                        "endOffset": 2046
                    }
                }
            },
            {
                "to": {
                    "startLine": 22,
                    "startColumn": 4,
                    "startOffset": 2051,
                    "endColumn": 100,
                    "endOffset": 2147
                },
                "from": {
                    "file": "C:\\Users\\TEMP\\.android\\build-cache\\67d487c257332b58d993e4013577cf875c6227c9\\output\\res\\values-da\\values-da.xml",
                    "position": {
                        "startLine": 22,
                        "startColumn": 4,
                        "startOffset": 2051,
                        "endColumn": 100,
                        "endOffset": 2147
                    }
                }
            }
        ]
    }
]