[
    {
        "outputFile": "C:\\Users\\TEMP\\AndroidStudioProjects\\Lab1\\app\\build\\intermediates\\incremental\\mergeDebugResources\\merged.dir\\values-uk\\values-uk.xml",
        "map": [
            {
                "to": {
                    "startLine": 2,
                    "startColumn": 4,
                    "startOffset": 55,
                    "endColumn": 109,
                    "endOffset": 160
                },
                "from": {
                    "file": "C:\\Users\\TEMP\\.android\\build-cache\\67d487c257332b58d993e4013577cf875c6227c9\\output\\res\\values-uk\\values-uk.xml",
                    "position": {
                        "startLine": 2,
                        "startColumn": 4,
                        "startOffset": 55,
                        "endColumn": 109,
                        "endOffset": 160
                    }
                }
            },
            {
                "to": {
                    "startLine": 3,
                    "startColumn": 4,
                    "startOffset": 165,
                    "endColumn": 107,
                    "endOffset": 268
                },
                "from": {
                    "file": "C:\\Users\\TEMP\\.android\\build-cache\\67d487c257332b58d993e4013577cf875c6227c9\\output\\res\\values-uk\\values-uk.xml",
                    "position": {
                        "startLine": 3,
                        "startColumn": 4,
                        "startOffset": 165,
                        "endColumn": 107,
                        "endOffset": 268
                    }
                }
            },
            {
                "to": {
                    "startLine": 4,
                    "startColumn": 4,
                    "startOffset": 273,
                    "endColumn": 122,
                    "endOffset": 391
                },
                "from": {
                    "file": "C:\\Users\\TEMP\\.android\\build-cache\\67d487c257332b58d993e4013577cf875c6227c9\\output\\res\\values-uk\\values-uk.xml",
                    "position": {
                        "startLine": 4,
                        "startColumn": 4,
                        "startOffset": 273,
                        "endColumn": 122,
                        "endOffset": 391
                    }
                }
            },
            {
                "to": {
                    "startLine": 5,
                    "startColumn": 4,
                    "startOffset": 396,
                    "endColumn": 101,
                    "endOffset": 493
                },
                "from": {
                    "file": "C:\\Users\\TEMP\\.android\\build-cache\\67d487c257332b58d993e4013577cf875c6227c9\\output\\res\\values-uk\\values-uk.xml",
                    "position": {
                        "startLine": 5,
                        "startColumn": 4,
                        "startOffset": 396,
                        "endColumn": 101,
                        "endOffset": 493
                    }
                }
            },
            {
                "to": {
                    "startLine": 6,
                    "startColumn": 4,
                    "startOffset": 498,
                    "endColumn": 105,
                    "endOffset": 599
                },
                "from": {
                    "file": "C:\\Users\\TEMP\\.android\\build-cache\\67d487c257332b58d993e4013577cf875c6227c9\\output\\res\\values-uk\\values-uk.xml",
                    "position": {
                        "startLine": 6,
                        "startColumn": 4,
                        "startOffset": 498,
                        "endColumn": 105,
                        "endOffset": 599
                    }
                }
            },
            {
                "to": {
                    "startLine": 7,
                    "startColumn": 4,
                    "startOffset": 604,
                    "endColumn": 85,
                    "endOffset": 685
                },
                "from": {
                    "file": "C:\\Users\\TEMP\\.android\\build-cache\\67d487c257332b58d993e4013577cf875c6227c9\\output\\res\\values-uk\\values-uk.xml",
                    "position": {
                        "startLine": 7,
                        "startColumn": 4,
                        "startOffset": 604,
                        "endColumn": 85,
                        "endOffset": 685
                    }
                }
            },
            {
                "to": {
                    "startLine": 8,
                    "startColumn": 4,
                    "startOffset": 690,
                    "endColumn": 107,
                    "endOffset": 793
                },
                "from": {
                    "file": "C:\\Users\\TEMP\\.android\\build-cache\\67d487c257332b58d993e4013577cf875c6227c9\\output\\res\\values-uk\\values-uk.xml",
                    "position": {
                        "startLine": 8,
                        "startColumn": 4,
                        "startOffset": 690,
                        "endColumn": 107,
                        "endOffset": 793
                    }
                }
            },
            {
                "to": {
                    "startLine": 9,
                    "startColumn": 4,
                    "startOffset": 798,
                    "endColumn": 117,
                    "endOffset": 911
                },
                "from": {
                    "file": "C:\\Users\\TEMP\\.android\\build-cache\\67d487c257332b58d993e4013577cf875c6227c9\\output\\res\\values-uk\\values-uk.xml",
                    "position": {
                        "startLine": 9,
                        "startColumn": 4,
                        "startOffset": 798,
                        "endColumn": 117,
                        "endOffset": 911
                    }
                }
            },
            {
                "to": {
                    "startLine": 10,
                    "startColumn": 4,
                    "startOffset": 916,
                    "endColumn": 78,
                    "endOffset": 990
                },
                "from": {
                    "file": "C:\\Users\\TEMP\\.android\\build-cache\\67d487c257332b58d993e4013577cf875c6227c9\\output\\res\\values-uk\\values-uk.xml",
                    "position": {
                        "startLine": 10,
                        "startColumn": 4,
                        "startOffset": 916,
                        "endColumn": 78,
                        "endOffset": 990
                    }
                }
            },
            {
                "to": {
                    "startLine": 11,
                    "startColumn": 4,
                    "startOffset": 995,
                    "endColumn": 79,
                    "endOffset": 1070
                },
                "from": {
                    "file": "C:\\Users\\TEMP\\.android\\build-cache\\67d487c257332b58d993e4013577cf875c6227c9\\output\\res\\values-uk\\values-uk.xml",
                    "position": {
                        "startLine": 11,
                        "startColumn": 4,
                        "startOffset": 995,
                        "endColumn": 79,
                        "endOffset": 1070
                    }
                }
            },
            {
                "to": {
                    "startLine": 12,
                    "startColumn": 4,
                    "startOffset": 1075,
                    "endColumn": 80,
                    "endOffset": 1151
                },
                "from": {
                    "file": "C:\\Users\\TEMP\\.android\\build-cache\\67d487c257332b58d993e4013577cf875c6227c9\\output\\res\\values-uk\\values-uk.xml",
                    "position": {
                        "startLine": 12,
                        "startColumn": 4,
                        "startOffset": 1075,
                        "endColumn": 80,
                        "endOffset": 1151
                    }
                }
            },
            {
                "to": {
                    "startLine": 13,
                    "startColumn": 4,
                    "startOffset": 1156,
                    "endColumn": 105,
                    "endOffset": 1257
                },
                "from": {
                    "file": "C:\\Users\\TEMP\\.android\\build-cache\\67d487c257332b58d993e4013577cf875c6227c9\\output\\res\\values-uk\\values-uk.xml",
                    "position": {
                        "startLine": 13,
                        "startColumn": 4,
                        "startOffset": 1156,
                        "endColumn": 105,
                        "endOffset": 1257
                    }
                }
            },
            {
                "to": {
                    "startLine": 14,
                    "startColumn": 4,
                    "startOffset": 1262,
                    "endColumn": 106,
                    "endOffset": 1364
                },
                "from": {
                    "file": "C:\\Users\\TEMP\\.android\\build-cache\\67d487c257332b58d993e4013577cf875c6227c9\\output\\res\\values-uk\\values-uk.xml",
                    "position": {
                        "startLine": 14,
                        "startColumn": 4,
                        "startOffset": 1262,
                        "endColumn": 106,
                        "endOffset": 1364
                    }
                }
            },
            {
                "to": {
                    "startLine": 15,
                    "startColumn": 4,
                    "startOffset": 1369,
                    "endColumn": 97,
                    "endOffset": 1462
                },
                "from": {
                    "file": "C:\\Users\\TEMP\\.android\\build-cache\\67d487c257332b58d993e4013577cf875c6227c9\\output\\res\\values-uk\\values-uk.xml",
                    "position": {
                        "startLine": 15,
                        "startColumn": 4,
                        "startOffset": 1369,
                        "endColumn": 97,
                        "endOffset": 1462
                    }
                }
            },
            {
                "to": {
                    "startLine": 16,
                    "startColumn": 4,
                    "startOffset": 1467,
                    "endColumn": 107,
                    "endOffset": 1570
                },
                "from": {
                    "file": "C:\\Users\\TEMP\\.android\\build-cache\\67d487c257332b58d993e4013577cf875c6227c9\\output\\res\\values-uk\\values-uk.xml",
                    "position": {
                        "startLine": 16,
                        "startColumn": 4,
                        "startOffset": 1467,
                        "endColumn": 107,
                        "endOffset": 1570
                    }
                }
            },
            {
                "to": {
                    "startLine": 17,
                    "startColumn": 4,
                    "startOffset": 1575,
                    "endColumn": 105,
                    "endOffset": 1676
                },
                "from": {
                    "file": "C:\\Users\\TEMP\\.android\\build-cache\\67d487c257332b58d993e4013577cf875c6227c9\\output\\res\\values-uk\\values-uk.xml",
                    "position": {
                        "startLine": 17,
                        "startColumn": 4,
                        "startOffset": 1575,
                        "endColumn": 105,
                        "endOffset": 1676
                    }
                }
            },
            {
                "to": {
                    "startLine": 18,
                    "startColumn": 4,
                    "startOffset": 1681,
                    "endColumn": 108,
                    "endOffset": 1785
                },
                "from": {
                    "file": "C:\\Users\\TEMP\\.android\\build-cache\\67d487c257332b58d993e4013577cf875c6227c9\\output\\res\\values-uk\\values-uk.xml",
                    "position": {
                        "startLine": 18,
                        "startColumn": 4,
                        "startOffset": 1681,
                        "endColumn": 108,
                        "endOffset": 1785
                    }
                }
            },
            {
                "to": {
                    "startLine": 19,
                    "startColumn": 4,
                    "startOffset": 1790,
                    "endColumn": 123,
                    "endOffset": 1909
                },
                "from": {
                    "file": "C:\\Users\\TEMP\\.android\\build-cache\\67d487c257332b58d993e4013577cf875c6227c9\\output\\res\\values-uk\\values-uk.xml",
                    "position": {
                        "startLine": 19,
                        "startColumn": 4,
                        "startOffset": 1790,
                        "endColumn": 123,
                        "endOffset": 1909
                    }
                }
            },
            {
                "to": {
                    "startLine": 20,
                    "startColumn": 4,
                    "startOffset": 1914,
                    "endColumn": 99,
                    "endOffset": 2009
                },
                "from": {
                    "file": "C:\\Users\\TEMP\\.android\\build-cache\\67d487c257332b58d993e4013577cf875c6227c9\\output\\res\\values-uk\\values-uk.xml",
                    "position": {
                        "startLine": 20,
                        "startColumn": 4,
                        "startOffset": 1914,
                        "endColumn": 99,
                        "endOffset": 2009
                    }
                }
            },
            {
                "to": {
                    "startLine": 21,
                    "startColumn": 4,
                    "startOffset": 2014,
                    "endColumn": 80,
                    "endOffset": 2090
                },
                "from": {
                    "file": "C:\\Users\\TEMP\\.android\\build-cache\\67d487c257332b58d993e4013577cf875c6227c9\\output\\res\\values-uk\\values-uk.xml",
                    "position": {
                        "startLine": 21,
                        "startColumn": 4,
                        "startOffset": 2014,
                        "endColumn": 80,
                        "endOffset": 2090
                    }
                }
            },
            {
                "to": {
                    "startLine": 22,
                    "startColumn": 4,
                    "startOffset": 2095,
                    "endColumn": 100,
                    "endOffset": 2191
                },
                "from": {
                    "file": "C:\\Users\\TEMP\\.android\\build-cache\\67d487c257332b58d993e4013577cf875c6227c9\\output\\res\\values-uk\\values-uk.xml",
                    "position": {
                        "startLine": 22,
                        "startColumn": 4,
                        "startOffset": 2095,
                        "endColumn": 100,
                        "endOffset": 2191
                    }
                }
            }
        ]
    }
]