[
    {
        "outputFile": "C:\\Users\\TEMP\\AndroidStudioProjects\\Lab1\\app\\build\\intermediates\\incremental\\mergeDebugAndroidTestResources\\merged.dir\\values\\values.xml",
        "map": [
            {
                "to": {
                    "startLine": 2,
                    "startColumn": 4,
                    "startOffset": 55,
                    "endColumn": 45,
                    "endOffset": 96
                },
                "from": {
                    "file": "C:\\Users\\TEMP\\.android\\build-cache\\13b0a580a981c87002ee415a1baf37d65f9debd6\\output\\res\\values\\values.xml",
                    "position": {
                        "startLine": 4,
                        "startColumn": 4,
                        "startOffset": 229,
                        "endColumn": 45,
                        "endOffset": 270
                    }
                }
            }
        ]
    }
]