[
    {
        "merged": "C:\\Users\\TEMP\\AndroidStudioProjects\\Lab1\\app\\build\\intermediates\\res\\merged\\debug\\anim\\abc_grow_fade_in_from_bottom.xml",
        "source": "C:\\Users\\TEMP\\.android\\build-cache\\67d487c257332b58d993e4013577cf875c6227c9\\output\\res\\anim\\abc_grow_fade_in_from_bottom.xml"
    },
    {
        "merged": "C:\\Users\\TEMP\\AndroidStudioProjects\\Lab1\\app\\build\\intermediates\\res\\merged\\debug\\anim\\abc_slide_out_top.xml",
        "source": "C:\\Users\\TEMP\\.android\\build-cache\\67d487c257332b58d993e4013577cf875c6227c9\\output\\res\\anim\\abc_slide_out_top.xml"
    },
    {
        "merged": "C:\\Users\\TEMP\\AndroidStudioProjects\\Lab1\\app\\build\\intermediates\\res\\merged\\debug\\anim\\abc_fade_in.xml",
        "source": "C:\\Users\\TEMP\\.android\\build-cache\\67d487c257332b58d993e4013577cf875c6227c9\\output\\res\\anim\\abc_fade_in.xml"
    },
    {
        "merged": "C:\\Users\\TEMP\\AndroidStudioProjects\\Lab1\\app\\build\\intermediates\\res\\merged\\debug\\anim\\abc_popup_enter.xml",
        "source": "C:\\Users\\TEMP\\.android\\build-cache\\67d487c257332b58d993e4013577cf875c6227c9\\output\\res\\anim\\abc_popup_enter.xml"
    },
    {
        "merged": "C:\\Users\\TEMP\\AndroidStudioProjects\\Lab1\\app\\build\\intermediates\\res\\merged\\debug\\anim\\abc_popup_exit.xml",
        "source": "C:\\Users\\TEMP\\.android\\build-cache\\67d487c257332b58d993e4013577cf875c6227c9\\output\\res\\anim\\abc_popup_exit.xml"
    },
    {
        "merged": "C:\\Users\\TEMP\\AndroidStudioProjects\\Lab1\\app\\build\\intermediates\\res\\merged\\debug\\anim\\abc_fade_out.xml",
        "source": "C:\\Users\\TEMP\\.android\\build-cache\\67d487c257332b58d993e4013577cf875c6227c9\\output\\res\\anim\\abc_fade_out.xml"
    },
    {
        "merged": "C:\\Users\\TEMP\\AndroidStudioProjects\\Lab1\\app\\build\\intermediates\\res\\merged\\debug\\anim\\abc_slide_in_bottom.xml",
        "source": "C:\\Users\\TEMP\\.android\\build-cache\\67d487c257332b58d993e4013577cf875c6227c9\\output\\res\\anim\\abc_slide_in_bottom.xml"
    },
    {
        "merged": "C:\\Users\\TEMP\\AndroidStudioProjects\\Lab1\\app\\build\\intermediates\\res\\merged\\debug\\anim\\abc_slide_in_top.xml",
        "source": "C:\\Users\\TEMP\\.android\\build-cache\\67d487c257332b58d993e4013577cf875c6227c9\\output\\res\\anim\\abc_slide_in_top.xml"
    },
    {
        "merged": "C:\\Users\\TEMP\\AndroidStudioProjects\\Lab1\\app\\build\\intermediates\\res\\merged\\debug\\anim\\abc_shrink_fade_out_from_bottom.xml",
        "source": "C:\\Users\\TEMP\\.android\\build-cache\\67d487c257332b58d993e4013577cf875c6227c9\\output\\res\\anim\\abc_shrink_fade_out_from_bottom.xml"
    },
    {
        "merged": "C:\\Users\\TEMP\\AndroidStudioProjects\\Lab1\\app\\build\\intermediates\\res\\merged\\debug\\anim\\abc_slide_out_bottom.xml",
        "source": "C:\\Users\\TEMP\\.android\\build-cache\\67d487c257332b58d993e4013577cf875c6227c9\\output\\res\\anim\\abc_slide_out_bottom.xml"
    }
]