[
    {
        "merged": "C:\\Users\\TEMP\\AndroidStudioProjects\\Lab1\\app\\build\\intermediates\\res\\merged\\debug\\color-v23\\abc_tint_default.xml",
        "source": "C:\\Users\\TEMP\\.android\\build-cache\\67d487c257332b58d993e4013577cf875c6227c9\\output\\res\\color-v23\\abc_tint_default.xml"
    },
    {
        "merged": "C:\\Users\\TEMP\\AndroidStudioProjects\\Lab1\\app\\build\\intermediates\\res\\merged\\debug\\color-v23\\abc_btn_colored_borderless_text_material.xml",
        "source": "C:\\Users\\TEMP\\.android\\build-cache\\67d487c257332b58d993e4013577cf875c6227c9\\output\\res\\color-v23\\abc_btn_colored_borderless_text_material.xml"
    },
    {
        "merged": "C:\\Users\\TEMP\\AndroidStudioProjects\\Lab1\\app\\build\\intermediates\\res\\merged\\debug\\color-v23\\abc_tint_edittext.xml",
        "source": "C:\\Users\\TEMP\\.android\\build-cache\\67d487c257332b58d993e4013577cf875c6227c9\\output\\res\\color-v23\\abc_tint_edittext.xml"
    },
    {
        "merged": "C:\\Users\\TEMP\\AndroidStudioProjects\\Lab1\\app\\build\\intermediates\\res\\merged\\debug\\color-v23\\abc_tint_btn_checkable.xml",
        "source": "C:\\Users\\TEMP\\.android\\build-cache\\67d487c257332b58d993e4013577cf875c6227c9\\output\\res\\color-v23\\abc_tint_btn_checkable.xml"
    },
    {
        "merged": "C:\\Users\\TEMP\\AndroidStudioProjects\\Lab1\\app\\build\\intermediates\\res\\merged\\debug\\color-v23\\abc_tint_switch_track.xml",
        "source": "C:\\Users\\TEMP\\.android\\build-cache\\67d487c257332b58d993e4013577cf875c6227c9\\output\\res\\color-v23\\abc_tint_switch_track.xml"
    },
    {
        "merged": "C:\\Users\\TEMP\\AndroidStudioProjects\\Lab1\\app\\build\\intermediates\\res\\merged\\debug\\color-v23\\abc_tint_spinner.xml",
        "source": "C:\\Users\\TEMP\\.android\\build-cache\\67d487c257332b58d993e4013577cf875c6227c9\\output\\res\\color-v23\\abc_tint_spinner.xml"
    },
    {
        "merged": "C:\\Users\\TEMP\\AndroidStudioProjects\\Lab1\\app\\build\\intermediates\\res\\merged\\debug\\color-v23\\abc_tint_seek_thumb.xml",
        "source": "C:\\Users\\TEMP\\.android\\build-cache\\67d487c257332b58d993e4013577cf875c6227c9\\output\\res\\color-v23\\abc_tint_seek_thumb.xml"
    },
    {
        "merged": "C:\\Users\\TEMP\\AndroidStudioProjects\\Lab1\\app\\build\\intermediates\\res\\merged\\debug\\color-v23\\abc_color_highlight_material.xml",
        "source": "C:\\Users\\TEMP\\.android\\build-cache\\67d487c257332b58d993e4013577cf875c6227c9\\output\\res\\color-v23\\abc_color_highlight_material.xml"
    },
    {
        "merged": "C:\\Users\\TEMP\\AndroidStudioProjects\\Lab1\\app\\build\\intermediates\\res\\merged\\debug\\color-v23\\abc_tint_switch_thumb.xml",
        "source": "C:\\Users\\TEMP\\.android\\build-cache\\67d487c257332b58d993e4013577cf875c6227c9\\output\\res\\color-v23\\abc_tint_switch_thumb.xml"
    },
    {
        "merged": "C:\\Users\\TEMP\\AndroidStudioProjects\\Lab1\\app\\build\\intermediates\\res\\merged\\debug\\color-v23\\abc_btn_colored_text_material.xml",
        "source": "C:\\Users\\TEMP\\.android\\build-cache\\67d487c257332b58d993e4013577cf875c6227c9\\output\\res\\color-v23\\abc_btn_colored_text_material.xml"
    }
]