[
    {
        "merged": "C:\\Users\\TEMP\\AndroidStudioProjects\\Lab1\\app\\build\\intermediates\\res\\merged\\debug\\drawable-ldrtl-xxxhdpi-v17\\abc_ic_menu_copy_mtrl_am_alpha.png",
        "source": "C:\\Users\\TEMP\\.android\\build-cache\\67d487c257332b58d993e4013577cf875c6227c9\\output\\res\\drawable-ldrtl-xxxhdpi-v17\\abc_ic_menu_copy_mtrl_am_alpha.png"
    },
    {
        "merged": "C:\\Users\\TEMP\\AndroidStudioProjects\\Lab1\\app\\build\\intermediates\\res\\merged\\debug\\drawable-ldrtl-xxxhdpi-v17\\abc_ic_menu_cut_mtrl_alpha.png",
        "source": "C:\\Users\\TEMP\\.android\\build-cache\\67d487c257332b58d993e4013577cf875c6227c9\\output\\res\\drawable-ldrtl-xxxhdpi-v17\\abc_ic_menu_cut_mtrl_alpha.png"
    },
    {
        "merged": "C:\\Users\\TEMP\\AndroidStudioProjects\\Lab1\\app\\build\\intermediates\\res\\merged\\debug\\drawable-ldrtl-xxxhdpi-v17\\abc_spinner_mtrl_am_alpha.9.png",
        "source": "C:\\Users\\TEMP\\.android\\build-cache\\67d487c257332b58d993e4013577cf875c6227c9\\output\\res\\drawable-ldrtl-xxxhdpi-v17\\abc_spinner_mtrl_am_alpha.9.png"
    }
]