[
    {
        "merged": "C:\\Users\\TEMP\\AndroidStudioProjects\\Lab1\\app\\build\\intermediates\\res\\merged\\debug\\layout-v21\\notification_template_custom_big.xml",
        "source": "C:\\Users\\TEMP\\.android\\build-cache\\67d487c257332b58d993e4013577cf875c6227c9\\output\\res\\layout-v21\\notification_template_custom_big.xml"
    },
    {
        "merged": "C:\\Users\\TEMP\\AndroidStudioProjects\\Lab1\\app\\build\\intermediates\\res\\merged\\debug\\layout-v21\\notification_action_tombstone.xml",
        "source": "C:\\Users\\TEMP\\.android\\build-cache\\67d487c257332b58d993e4013577cf875c6227c9\\output\\res\\layout-v21\\notification_action_tombstone.xml"
    },
    {
        "merged": "C:\\Users\\TEMP\\AndroidStudioProjects\\Lab1\\app\\build\\intermediates\\res\\merged\\debug\\layout-v21\\notification_template_icon_group.xml",
        "source": "C:\\Users\\TEMP\\.android\\build-cache\\67d487c257332b58d993e4013577cf875c6227c9\\output\\res\\layout-v21\\notification_template_icon_group.xml"
    },
    {
        "merged": "C:\\Users\\TEMP\\AndroidStudioProjects\\Lab1\\app\\build\\intermediates\\res\\merged\\debug\\layout-v21\\notification_action.xml",
        "source": "C:\\Users\\TEMP\\.android\\build-cache\\67d487c257332b58d993e4013577cf875c6227c9\\output\\res\\layout-v21\\notification_action.xml"
    }
]